{
  "frame_1_to_2": [
    [
      0.4224583780032961,
      -0.023092442828800852,
      -0.9088710677769796
    ],
    [
      -0.8768039029762484,
      -0.0334745729538104,
      -0.40844639101786007
    ],
    [
      -0.03463112381843367,
      1.041404663661404,
      -0.025226483711201654
    ]
  ],
  "calibration_type": "relative_positioning",
  "avg_error_mm": 2.096422078322164,
  "test_points": {
    "vr_points": [
      [
        -0.3404485881328583,
        -0.8242085576057434,
        -0.6611860990524292
      ],
      [
        -0.45632728934288025,
        -0.8300099968910217,
        -0.7149374485015869
      ],
      [
        -0.478352814912796,
        -0.830220639705658,
        -0.6680917739868164
      ],
      [
        -0.44829443097114563,
        -0.7560532093048096,
        -0.7330448627471924
      ],
      [
        -0.447553813457489,
        -0.8700465559959412,
        -0.7310861945152283
      ],
      [
        -0.39038577675819397,
        -0.9198347330093384,
        -0.646279513835907
      ]
    ],
    "robot_points": [
      [
        0.297620667,
        -0.100707977,
        0.20655886799999998
      ],
      [
        0.297620697,
        0.022496862,
        0.206558884
      ],
      [
        0.245371597,
        0.022496817,
        0.206558884
      ],
      [
        0.316481964,
        0.022496862,
        0.28047427399999997
      ],
      [
        0.31648199499999996,
        0.02249683,
        0.165758759
      ],
      [
        0.26593023699999996,
        -0.058228916,
        0.10564217399999999
      ]
    ]
  }
}